Model,MPG,Cylinders,Displacement,Horsepower,Weight,Acceleration,Year,Origin,Cluster,PC1_2d,PC2_2d
chevrolet chevelle malibu,18.0,8,307.0,130.0,3504,12.0,70,US,0,115.02018614874814,-11.750602489403866
buick skylark 320,15.0,8,350.0,165.0,3693,11.5,70,US,0,167.0485948819164,7.547319538332112
plymouth satellite,18.0,8,318.0,150.0,3436,11.0,70,US,0,131.8299975335768,3.6286331975427637
amc rebel sst,16.0,8,304.0,150.0,3433,12.0,70,US,0,118.69275867774753,8.158641738567848
ford torino,17.0,8,302.0,140.0,3449,10.5,70,US,0,113.56821190881132,-0.5567239000491272
ford galaxie 500,15.0,8,429.0,198.0,4341,10.0,70,US,0,252.3196612079336,13.29149144553408
chevrolet impala,14.0,8,454.0,220.0,4354,9.0,70,US,0,283.0640183790774,26.086616020518218
plymouth fury iii,14.0,8,440.0,215.0,4312,8.5,70,US,0,268.23466686477144,25.924618685604372
pontiac catalina,14.0,8,455.0,225.0,4425,10.0,70,US,0,285.5941003185493,30.403432857971566
amc ambassador dpl,15.0,8,390.0,190.0,3850,8.5,70,US,0,212.90637715058617,18.436472674539353
dodge challenger se,15.0,8,383.0,170.0,3563,10.0,70,US,0,199.87172388249996,1.7305704969369553
plymouth 'cuda 340,14.0,8,340.0,160.0,3609,8.0,70,US,0,156.1011453561194,6.361818159424767
chevrolet monte carlo,15.0,8,400.0,150.0,3761,9.5,70,US,0,209.55862095115498,-22.566279819678755
buick estate wagon (sw),14.0,8,455.0,225.0,3086,10.0,70,US,0,285.5941003185493,30.403432857971566
toyota corona mark ii,24.0,4,113.0,95.0,2372,15.0,70,Japan,1,-80.05278735656336,17.35053982736913
plymouth duster,22.0,6,198.0,95.0,2833,15.5,70,US,2,0.45621423586936954,-10.01893003413666
amc hornet,18.0,6,199.0,97.0,2774,15.5,70,US,2,2.2705187900705477,-8.276835913413045
ford maverick,21.0,6,200.0,85.0,2587,16.0,70,US,2,-0.7997094544859803,-20.08202363844843
datsun pl510,27.0,4,97.0,88.0,2130,14.5,70,Japan,1,-97.58467526879984,15.813715607490856
volkswagen 1131 deluxe sedan,26.0,4,97.0,46.0,1835,20.5,70,Europe,1,-111.04071515774115,-24.17408422341107
peugeot 504,25.0,4,110.0,87.0,2672,17.5,70,Europe,1,-85.53991092597053,10.547600837748552
audi 100 ls,24.0,4,107.0,90.0,2430,14.5,70,Europe,1,-87.3177023101278,14.609019672128229
saab 99e,25.0,4,104.0,95.0,2375,17.5,70,Europe,1,-88.65540203190673,20.02315071455892
bmw 2002,26.0,4,121.0,113.0,2234,12.5,70,Europe,1,-66.81256372250787,31.832931106586695
amc gremlin,21.0,6,199.0,90.0,2648,15.0,70,US,2,-0.1324960006828824,-14.972705773945435
ford f250,10.0,8,360.0,215.0,4615,14.0,70,US,0,192.74193036288898,51.493198536336564
chevy c20,10.0,8,307.0,200.0,4376,15.0,70,US,0,137.81747473080569,54.369525007084924
dodge d200,11.0,8,318.0,210.0,4382,13.5,70,US,0,151.37972815962434,60.314704189349136
hi 1200d,9.0,8,304.0,193.0,4732,18.5,70,US,0,132.75060582619437,48.525043093112664
datsun pl510,27.0,4,97.0,88.0,2130,14.5,71,Japan,1,-97.58467526879984,15.813715607490856
chevrolet vega 2300,28.0,4,140.0,90.0,2264,15.5,71,US,1,-56.357812729780846,3.715370344421917
toyota corona,25.0,4,113.0,95.0,2228,14.0,71,Japan,1,-80.0959897556684,17.379523105134755
amc gremlin,19.0,6,232.0,100.0,2634,13.0,71,US,2,34.41098631289422,-15.949828617433736
plymouth satellite custom,16.0,6,225.0,105.0,3439,15.5,71,US,2,29.52741937982719,-9.029723551474309
chevrolet chevelle malibu,17.0,6,250.0,100.0,3329,15.5,71,US,2,51.510313209143604,-21.84862659919286
ford torino 500,19.0,6,250.0,88.0,3302,15.5,71,US,2,47.55891328448691,-33.24964200797708
amc matador,18.0,6,232.0,100.0,3288,15.5,71,US,2,34.4330082211118,-16.089527136675276
chevrolet impala,14.0,8,350.0,165.0,4209,12.0,71,US,0,167.0988574446505,7.5552413410583545
pontiac catalina brougham,14.0,8,400.0,175.0,4464,11.5,71,US,0,217.5809415061891,0.8962634964625138
ford galaxie 500,14.0,8,351.0,153.0,4154,13.5,71,US,0,164.18647705192575,-4.1892758953060385
plymouth fury iii,14.0,8,318.0,150.0,4096,13.0,71,US,0,132.03104778451365,3.6603204084481638
dodge monaco (sw),12.0,8,383.0,180.0,4955,11.5,71,US,0,203.21980696397762,11.180470607072312
ford country squire (sw),13.0,8,400.0,170.0,4746,12.0,71,US,0,216.03255637228585,-3.8088820517893116
pontiac safari (sw),13.0,8,400.0,175.0,5140,12.0,71,US,0,217.63120406892332,0.9041852991888559
amc hornet sportabout (sw),18.0,6,258.0,110.0,2962,13.5,71,US,2,62.24296309131332,-14.899221278814018
chevrolet vega (sw),22.0,4,140.0,72.0,2408,19.0,71,US,1,-61.818429224899624,-13.241046383233408
pontiac firebird,19.0,6,250.0,100.0,3282,15.0,71,US,2,51.40272792004601,-21.901375285137505
ford mustang,18.0,6,250.0,88.0,3139,14.5,71,US,2,47.630356338108605,-33.13100496377482
mercury capri 2000,23.0,4,122.0,86.0,2220,14.0,71,US,1,-74.3489190260549,6.083692466942726
opel 1900,28.0,4,116.0,90.0,2123,14.0,71,Europe,1,-79.02994192111792,11.564654046879008
peugeot 304,30.0,4,79.0,70.0,2074,19.5,71,Europe,1,-120.60235905374483,4.147068035130729
fiat 124b,30.0,4,88.0,76.0,2065,14.5,71,Europe,1,-110.10338905065409,7.269836488356273
toyota corolla 1200,31.0,4,71.0,65.0,1773,19.0,71,Japan,1,-129.81570587385804,2.0056017017532843
datsun 1200,35.0,4,72.0,69.0,1613,18.0,71,Japan,1,-127.80640372465054,5.3481178581056374
volkswagen model 111,27.0,4,97.0,60.0,1834,19.0,71,Europe,1,-106.60064384263211,-10.911607282414606
plymouth cricket,26.0,4,91.0,70.0,1955,20.5,71,US,1,-109.04053363443741,0.383281176529433
toyota corona hardtop,24.0,4,113.0,95.0,2278,15.5,72,Japan,1,-80.05984752019252,17.313634746877156
dodge colt hardtop,25.0,4,97.5,80.0,2126,17.0,72,US,1,-99.59038966379248,8.016716033632122
volkswagen type 3,23.0,4,97.0,54.0,2254,23.5,72,Europe,1,-108.35327164580599,-16.720126295142897
chevrolet vega,20.0,4,140.0,90.0,2408,19.5,72,US,1,-55.955712227907114,3.778744766232632
ford pinto runabout,21.0,4,122.0,86.0,2226,16.5,72,US,1,-74.26957439147395,5.9888208309195
chevrolet impala,13.0,8,350.0,165.0,4274,12.0,72,US,0,167.15618017101386,7.600068224276666
pontiac catalina,14.0,8,400.0,175.0,4385,12.0,72,US,0,217.57388134255996,0.8593584159705447
plymouth fury iii,15.0,8,318.0,150.0,4135,13.5,72,US,0,131.9666648945211,3.5785884447378877
ford galaxie 500,14.0,8,351.0,153.0,4129,13.0,72,US,0,164.1935372155549,-4.15237081481407
amc ambassador sst,17.0,8,304.0,150.0,3672,11.5,72,US,0,118.64249611501333,8.150719935841506
mercury marquis,11.0,8,429.0,208.0,4633,11.0,72,US,0,255.73212717940368,22.82312351937972
buick lesabre custom,13.0,8,350.0,155.0,4502,13.5,72,US,0,163.93770428685144,-1.9367817191555785
oldsmobile delta 88 royale,12.0,8,350.0,160.0,4456,13.5,72,US,0,165.5936747098523,2.8211125150408987
chrysler newport royal,13.0,8,400.0,190.0,4422,12.5,72,US,0,222.42008699520662,15.006482271631386
mazda rx2 coupe,19.0,3,70.0,97.0,2330,13.5,72,Japan,1,-119.77901959191793,33.44294587532351
amc matador (sw),15.0,8,304.0,150.0,3892,12.5,72,US,0,118.74302124048177,8.166563541294186
chevrolet chevelle concours (sw),13.0,8,307.0,130.0,4098,14.0,72,US,0,115.27855912604922,-11.674088395280428
ford gran torino (sw),13.0,8,302.0,140.0,4294,16.0,72,US,0,113.7198410143441,-0.7833722525875535
plymouth satellite custom (sw),14.0,8,318.0,150.0,4077,14.0,72,US,0,132.01692745725532,3.5865102474642256
volvo 145e (sw),18.0,4,121.0,112.0,2933,14.5,72,Europe,1,-66.70195210544503,31.10131238016967
volkswagen 411 (sw),22.0,4,121.0,76.0,2511,18.0,72,Europe,1,-78.49092757209246,-3.2704156431901676
peugeot 504 (sw),21.0,4,120.0,87.0,2979,19.5,72,Europe,1,-75.8833149741068,7.354884523245085
renault 12 (sw),26.0,4,96.0,69.0,2189,18.0,72,Europe,1,-104.59718950515564,-1.987008653910771
ford pinto (sw),22.0,4,122.0,86.0,2395,16.0,72,US,1,-74.31983695420818,5.980899028193161
datsun 510 (sw),28.0,4,97.0,92.0,2288,17.0,72,Japan,1,-96.39838065599899,19.35481720259524
toyouta corona mark ii (sw),23.0,4,120.0,97.0,2506,14.5,72,Japan,1,-72.73006339726699,17.06041626368449
dodge colt (sw),28.0,4,98.0,80.0,2164,15.0,72,US,1,-99.26133990331962,7.86863552967463
toyota corolla 1600 (sw),27.0,4,97.0,88.0,2100,16.5,72,Japan,1,-97.61291592331646,15.666095285522982
buick century 350,13.0,8,350.0,175.0,4100,13.0,73,US,0,170.3393552370305,16.952392765249062
amc matador,14.0,8,304.0,150.0,3672,11.5,73,US,0,118.81446429410346,8.285200585496433
chevrolet malibu,13.0,8,350.0,145.0,3988,13.0,73,US,0,160.74746905720565,-11.326011340619946
ford gran torino,14.0,8,302.0,137.0,4042,14.5,73,US,0,112.7245101608857,-3.545324304916853
dodge coronet custom,15.0,8,318.0,150.0,3777,12.5,73,US,0,131.98078522177943,3.6523986057218263
mercury marquis brougham,12.0,8,429.0,198.0,4952,11.5,73,US,0,252.47044889613628,13.315256853713098
chevrolet caprice classic,13.0,8,400.0,150.0,4464,12.0,73,US,0,209.63796558573594,-22.661151455701983
ford ltd,13.0,8,351.0,158.0,4363,13.0,73,US,0,165.84950763855576,0.6055234193824088
plymouth fury gran sedan,14.0,8,318.0,150.0,4237,14.5,73,US,0,132.00986729362614,3.5496051669722566
chrysler new yorker brougham,13.0,8,440.0,215.0,4735,11.0,73,US,0,268.25668877298904,25.784920166362824
buick electra 225 custom,12.0,8,455.0,225.0,4951,11.0,73,US,0,285.69462544401773,30.419276463424218
amc ambassador brougham,13.0,8,360.0,175.0,3821,11.0,73,US,0,179.82314159247403,13.875609561808108
plymouth valiant,18.0,6,225.0,105.0,3121,16.5,73,US,2,29.398653599842127,-9.193187478894869
chevrolet nova custom,16.0,6,250.0,100.0,3278,18.0,73,US,2,51.53233511736117,-21.9883251184344
amc hornet,18.0,6,232.0,100.0,2945,16.0,73,US,2,34.42594805748264,-16.12643221716725
ford maverick,18.0,6,250.0,88.0,3021,16.5,73,US,2,47.602115683591975,-33.2786252857427
plymouth duster,23.0,6,198.0,95.0,2904,16.0,73,US,2,0.3918313458768426,-10.100661997846942
volkswagen super beetle,26.0,4,97.0,46.0,1950,21.0,73,Europe,1,-111.0477753213703,-24.21098930390304
chevrolet impala,11.0,8,400.0,150.0,4997,14.0,73,US,0,209.72437038394605,-22.71911801123324
ford country,12.0,8,400.0,167.0,4906,12.5,73,US,0,215.1236303170376,-6.628800659649873
plymouth custom suburb,13.0,8,360.0,170.0,4654,13.0,73,US,0,178.19625324131994,9.014921888862064
oldsmobile vista cruiser,12.0,8,350.0,180.0,4499,12.5,73,US,0,172.00238582366052,21.747192079937513
amc gremlin,18.0,6,232.0,100.0,2789,15.0,73,US,2,34.44006838474096,-16.05262205618331
toyota carina,20.0,4,97.0,88.0,2279,19.0,73,Japan,1,-97.24695765691861,15.795358065591302
chevrolet vega,21.0,4,140.0,72.0,2401,19.5,73,US,1,-61.76816666216541,-13.233124580507083
datsun 610,22.0,4,108.0,94.0,2379,16.5,73,Japan,1,-85.00682478451503,17.999066644838624
maxda rx3,18.0,3,70.0,90.0,2124,13.5,73,Japan,1,-121.95980364084704,26.88947846717239
ford pinto,19.0,4,122.0,85.0,2310,18.5,73,US,1,-74.50289913259132,4.988240805192609
mercury capri v6,21.0,6,155.0,107.0,2472,14.0,73,US,1,-36.28737458893551,15.312908892163117
fiat 124 sport coupe,26.0,4,98.0,90.0,2265,15.5,73,Europe,1,-95.95645922094708,17.347518917575613
chevrolet monte carlo s,15.0,8,350.0,145.0,4082,13.0,73,US,0,160.6328236044789,-11.415665107056563
pontiac grand prix,16.0,8,400.0,230.0,4278,9.5,73,US,0,235.07966137099118,52.797970912753634
fiat 128,29.0,4,68.0,49.0,1867,19.5,73,Europe,1,-137.66045692427844,-12.056144077809558
opel manta,24.0,4,116.0,75.0,2158,15.5,73,Europe,1,-83.61777459646433,-2.5059557146581617
audi 100ls,20.0,4,114.0,91.0,2582,14.0,73,Europe,1,-80.14273971106884,13.510763287902881
volvo 144ea,19.0,4,121.0,112.0,2868,15.5,73,Europe,1,-66.77339515906671,30.98267533596741
dodge dart custom,15.0,8,318.0,150.0,3399,11.0,73,US,0,132.0019657126669,3.763113847197733
saab 99le,24.0,4,121.0,110.0,2660,14.0,73,Europe,1,-67.67828737865109,28.984029220960505
toyota mark ii,20.0,6,156.0,122.0,2807,13.5,73,Japan,1,-30.48149403893786,29.211402556267014
oldsmobile omega,11.0,8,350.0,180.0,3664,11.0,73,US,0,172.08088904091136,21.90273420463173
plymouth duster,20.0,6,198.0,95.0,3102,16.5,74,US,2,0.5567393613378038,-10.003086428683986
amc hornet,19.0,6,232.0,100.0,2901,16.0,74,US,2,34.36862533111927,-16.171259100385548
chevrolet nova,15.0,6,250.0,100.0,3336,17.0,74,US,2,51.60377817098285,-21.86968807423215
datsun b210,31.0,4,79.0,67.0,1950,19.0,74,Japan,1,-121.61181023446153,1.311305821817489
ford pinto,26.0,4,122.0,80.0,2451,16.5,74,US,1,-76.47456525925578,0.10900559365415255
toyota corolla 1200,32.0,4,71.0,65.0,1836,21.0,74,Japan,1,-129.90126925473805,1.8131544965670987
chevrolet vega,25.0,4,140.0,75.0,2542,17.0,74,US,1,-61.002968131490626,-10.400066300333563
chevrolet chevelle malibu classic,16.0,6,250.0,100.0,3781,17.0,74,US,2,51.54645544461948,-21.91451495745046
amc matador,16.0,6,258.0,110.0,3632,18.0,74,US,2,62.29406707137764,-15.141713236805122
plymouth satellite sebring,18.0,6,225.0,105.0,3613,16.5,74,US,2,29.398653599842127,-9.193187478894869
ford gran torino,16.0,8,302.0,140.0,4141,14.0,74,US,0,113.57611348977058,-0.7702325802746017
buick century luxus (sw),13.0,8,350.0,150.0,4699,14.5,74,US,0,162.32493626295565,-6.723659231117685
dodge coronet custom (sw),14.0,8,318.0,150.0,4457,13.5,74,US,0,132.02398762088447,3.623415327956195
ford gran torino (sw),14.0,8,302.0,140.0,4638,16.0,74,US,0,113.6625182879807,-0.8281991358058586
amc matador (sw),14.0,8,304.0,150.0,4257,15.5,74,US,0,118.7579829850702,7.98995994156068
audi fox,29.0,4,98.0,83.0,2219,16.5,74,Europe,1,-98.38065450258799,10.540933815567316
volkswagen dasher,26.0,4,79.0,67.0,1963,15.5,74,Europe,1,-121.27577545724057,1.7937758013528173
opel manta,26.0,4,97.0,78.0,2300,14.5,74,Europe,1,-100.72464793571142,6.432407788752834
toyota corona,31.0,4,76.0,52.0,1649,16.5,74,Japan,1,-129.20911621650623,-11.676049771034522
datsun 710,32.0,4,83.0,61.0,2003,19.0,74,Japan,1,-119.80529191641914,-5.6789632927381515
dodge colt,28.0,4,90.0,75.0,2125,14.5,74,US,1,-108.41736399706947,5.7719960795154925
fiat 128,24.0,4,90.0,75.0,2108,15.5,74,Europe,1,-108.20219341887427,5.877493451404793
fiat 124 tc,26.0,4,116.0,75.0,2246,14.0,74,Europe,1,-83.71123955830363,-2.484894239618874
honda civic,24.0,4,120.0,97.0,2489,15.0,74,Japan,1,-72.79444628725952,16.978684299974216
subaru,26.0,4,108.0,93.0,2391,15.5,74,Japan,1,-85.5417249020377,16.950955802753686
fiat x1.9,31.0,4,79.0,67.0,2000,16.0,74,Europe,1,-121.5694492526866,1.532736304769303
plymouth valiant custom,19.0,6,225.0,95.0,3264,16.0,75,US,2,26.151095643832964,-18.627243983577543
chevrolet nova,18.0,6,250.0,105.0,3459,16.0,75,US,2,53.044578015788545,-17.217291211924973
mercury monarch,15.0,6,250.0,72.0,3432,21.0,75,US,2,42.59486976077974,-48.558105883645645
ford maverick,15.0,6,250.0,72.0,3158,19.5,75,US,2,42.61605025166722,-48.44739064216974
pontiac catalina,16.0,8,400.0,170.0,4668,11.5,75,US,0,215.86764835682484,-3.906457620952271
chevrolet bel air,15.0,8,350.0,145.0,4440,14.0,75,US,0,160.61870327722056,-11.489475268040502
plymouth grand fury,16.0,8,318.0,150.0,4498,14.5,75,US,0,131.8952218408994,3.4599514005356387
ford ltd,14.0,8,351.0,148.0,4657,13.5,75,US,0,162.58782935528828,-8.902343246284207
buick century,17.0,6,231.0,110.0,3907,21.0,75,US,2,36.66440997073669,-6.702081084371407
chevroelt chevelle malibu,16.0,6,250.0,105.0,3897,18.5,75,US,2,53.123922650369494,-17.3121628479482
amc matador,15.0,6,258.0,110.0,3730,19.0,75,US,2,62.3372694704827,-15.170696514570752
plymouth fury,18.0,6,225.0,95.0,3785,19.0,75,US,2,26.16605738842139,-18.803847583311047
buick skyhawk,21.0,6,231.0,110.0,3039,15.0,75,US,2,36.51984102883309,-6.438527651341014
chevrolet monza 2+2,20.0,8,262.0,110.0,3221,13.5,75,US,2,65.93981376441381,-16.293425036889563
ford mustang ii,13.0,8,302.0,129.0,3169,12.0,75,US,0,110.25929739077492,-10.856879780803771
toyota corolla,29.0,4,97.0,75.0,2171,16.0,75,Japan,1,-101.87698522367145,3.3593714870350984
ford pinto,23.0,4,140.0,83.0,2639,17.0,75,US,1,-58.330486364143916,-2.7695047723318815
amc gremlin,20.0,6,232.0,100.0,2914,16.0,75,US,2,34.311302604755895,-16.216085983603865
pontiac astro,23.0,4,140.0,78.0,2592,18.5,75,US,1,-59.95031455166885,-7.593287364785956
toyota corona,24.0,4,134.0,96.0,2702,13.5,75,Japan,1,-59.855231354401894,11.63262113568213
volkswagen dasher,25.0,4,90.0,71.0,2223,16.5,75,Europe,1,-109.55255462980594,1.9884025264200105
datsun 710,24.0,4,119.0,97.0,2545,17.0,75,Japan,1,-73.76824151186885,17.15350433054722
ford pinto,18.0,6,171.0,97.0,2984,14.5,75,US,2,-24.190888845266468,0.8253041187156132
volkswagen rabbit,29.0,4,90.0,70.0,1937,14.0,75,Europe,1,-110.06627425644115,1.051006925810986
amc pacer,19.0,6,232.0,90.0,3211,17.0,75,US,2,31.157209610586,-25.67120396332583
audi 100ls,23.0,4,115.0,95.0,2694,15.0,75,Europe,1,-78.10435549001458,16.75048600550567
peugeot 504,23.0,4,120.0,88.0,2957,17.0,75,Europe,1,-75.64293006936023,8.392369629463946
volvo 244dl,22.0,4,121.0,98.0,2945,14.5,75,Europe,1,-71.40745656148346,17.725416264557555
saab 99le,25.0,4,121.0,115.0,2671,13.5,75,Europe,1,-66.12990224474783,33.689174769212336
honda civic cvcc,33.0,4,91.0,53.0,1795,17.5,75,Japan,1,-114.83483390577346,-15.733505516372688
fiat 131,28.0,4,107.0,86.0,2464,15.5,76,Europe,1,-88.84003170014961,10.585448097488518
opel 1900,25.0,4,116.0,81.0,2220,16.9,76,Europe,1,-81.77648854502439,3.001563997919819
capri ii,25.0,4,140.0,92.0,2572,14.9,76,US,1,-55.537913275680744,5.779364031058474
dodge colt,26.0,4,98.0,79.0,2255,17.7,76,US,1,-99.50454887351782,6.816388391258982
renault 12tl,27.0,4,101.0,83.0,2202,15.3,76,Europe,1,-95.41240094687319,9.751838717562011
chevrolet chevelle malibu classic,17.5,8,305.0,140.0,4215,13.0,76,US,0,116.34091343776191,-1.7309838017407766
dodge coronet brougham,16.0,8,318.0,150.0,4190,13.0,76,US,0,131.91640233178688,3.570666642011546
amc matador,15.5,8,304.0,120.0,3962,13.9,76,US,0,109.1027052393136,-20.237588231561492
ford gran torino,14.5,8,351.0,152.0,4215,12.8,76,US,0,163.8479703784974,-5.10263569442207
plymouth valiant,22.0,6,225.0,100.0,3233,15.4,76,US,2,27.58624735773531,-14.00437118566394
chevrolet nova,22.0,6,250.0,105.0,3353,14.5,76,US,2,52.83646760122253,-17.2858835033223
ford maverick,24.0,6,200.0,81.0,3012,17.6,76,US,2,-2.2731883144993814,-24.105054426460185
amc hornet,22.5,6,232.0,90.0,3085,17.6,76,US,2,30.94810787195922,-25.872384151180277
chevrolet chevette,29.0,4,85.0,52.0,2035,22.2,76,US,1,-120.6649654983177,-14.909077095074299
chevrolet woody,24.5,4,98.0,60.0,2164,22.1,76,US,1,-105.55555547113175,-11.350791925959921
vw rabbit,29.0,4,90.0,70.0,1937,14.2,76,Europe,1,-110.06909832189281,1.0362448936141986
honda civic,33.0,4,91.0,53.0,1795,17.4,76,Japan,1,-114.83342187304763,-15.726124500274294
dodge aspen se,20.0,6,225.0,100.0,3651,17.7,76,US,2,27.668416057767928,-14.084480789490383
ford granada ghia,18.0,6,250.0,78.0,3574,21.0,76,US,2,44.341278817654604,-43.03690571212675
pontiac ventura sj,18.5,6,250.0,110.0,3645,16.2,76,US,2,54.61174028379266,-12.541399334752745
amc pacer d/l,17.5,6,258.0,95.0,3193,17.8,76,US,2,57.41496395737182,-29.33339358237031
volkswagen rabbit,29.5,4,97.0,71.0,1825,12.2,76,Europe,1,-103.13090750058154,-0.15301722361762657
datsun b-210,32.0,4,85.0,70.0,1990,17.0,76,Japan,1,-115.00837626776966,2.3072975559086597
toyota corolla,28.0,4,97.0,75.0,2155,16.4,76,Japan,1,-101.82531062821141,3.374674305859831
ford pinto,26.5,4,140.0,72.0,2565,13.6,76,US,1,-62.000131726339895,-13.044192488402544
volvo 245,20.0,4,130.0,102.0,3150,15.7,76,Europe,1,-61.52084621332248,18.594988545728032
plymouth volare premier v8,13.0,8,318.0,150.0,3940,13.2,76,US,0,132.08554644542536,3.6903852594696853
peugeot 504,19.0,4,120.0,88.0,3270,21.9,76,Europe,1,-75.4828287674725,8.210007373515886
toyota mark ii,19.0,6,156.0,108.0,2930,15.5,76,Japan,1,-34.92862551767606,15.912020534778582
mercedes-benz 280s,16.5,6,168.0,120.0,3820,16.7,76,Europe,2,-19.61885378143539,23.377592961500635
cadillac seville,16.5,8,350.0,180.0,4380,12.1,76,US,0,171.75008168592862,21.57499516984869
chevy c10,13.0,8,350.0,145.0,4055,12.0,76,US,0,160.76158938446395,-11.252201179636007
ford f108,13.0,8,302.0,130.0,3870,15.0,76,US,0,110.53666594832748,-10.13569679355995
dodge d100,13.0,8,318.0,150.0,3755,14.0,76,US,0,132.07425018361872,3.631337130682535
honda accord cvcc,31.5,4,98.0,68.0,2045,18.5,77,Japan,1,-103.34814506292545,-3.857955767380838
buick opel isuzu deluxe,30.0,4,111.0,80.0,2155,14.8,77,US,1,-87.08095187938972,3.602019212403323
renault 5 gtl,36.0,4,79.0,58.0,1825,18.6,77,Europe,1,-124.77034158932251,-7.366825761641185
plymouth arrow gs,25.5,4,122.0,96.0,2300,15.5,77,US,1,-71.31611093957586,15.287044719377377
datsun f-10 hatchback,33.5,4,85.0,70.0,1945,16.8,77,Japan,1,-115.09153629186308,2.2548192632779833
chevrolet caprice classic,17.5,8,305.0,145.0,3880,12.5,77,US,0,117.94662129802853,3.018988629729359
oldsmobile cutlass supreme,17.0,8,260.0,110.0,4060,19.0,77,US,2,64.14301100339783,-15.920019567564529
dodge monaco brougham,15.5,8,318.0,145.0,4140,13.7,77,US,0,130.3365317692503,-1.1716543800462238
mercury cougar brougham,15.0,8,302.0,130.0,4295,14.9,77,US,0,110.42343252832652,-10.217969543898171
chevrolet concours,17.5,6,250.0,110.0,3520,16.4,77,US,2,54.66623894470437,-12.511334483731225
buick skylark,20.5,6,231.0,105.0,3425,16.9,77,US,2,34.923026073586506,-11.26942086657951
plymouth volare custom,19.0,6,225.0,100.0,3630,17.7,77,US,2,27.725738784131305,-14.039653906272067
ford granada,18.5,6,250.0,98.0,3525,19.0,77,US,2,50.735448895539434,-24.059429427855367
pontiac grand prix lj,16.0,8,400.0,180.0,4220,11.1,77,US,0,219.07059188100314,5.549201145397638
chevrolet monte carlo landau,15.5,8,350.0,170.0,4165,11.4,77,US,0,168.6199932480979,12.245354463799424
chrysler cordoba,15.5,8,400.0,190.0,4325,12.2,77,US,0,222.28101627747563,14.916558111880802
ford thunderbird,16.0,8,351.0,149.0,4335,14.5,77,US,0,162.7787931146307,-8.123193703509129
volkswagen rabbit custom,29.0,4,97.0,78.0,1940,14.5,77,Europe,1,-100.89661611480152,6.297927139097907
pontiac sunbird coupe,24.5,4,151.0,88.0,2740,16.0,77,US,1,-46.40260215877359,-1.5967114631469503
toyota corolla liftback,26.0,4,97.0,75.0,2265,18.2,77,Japan,1,-101.73608176454965,3.331469782525362
ford mustang ii 2+2,25.5,4,140.0,89.0,2755,15.8,77,US,1,-56.53847155137739,2.862681033976875
chevrolet chevette,30.5,4,98.0,63.0,2051,17.0,77,US,1,-104.86828954231207,-8.41548099366479
dodge colt m/m,33.5,4,98.0,83.0,2075,15.9,77,US,1,-98.6301345748682,10.383498937675288
subaru dl,30.0,4,97.0,67.0,1985,16.4,77,Japan,1,-104.49779239555812,-4.255887222141854
volkswagen dasher,30.5,4,97.0,78.0,2190,14.1,77,Europe,1,-100.97695207344321,6.260210878664018
datsun 810,22.0,6,146.0,97.0,2815,14.5,77,Japan,1,-48.05904400303721,8.707005399364455
bmw 320i,21.5,4,121.0,110.0,2600,12.8,77,Europe,1,-67.51803617003267,29.184668622187004
mazda rx-4,21.5,3,80.0,110.0,2720,13.5,77,Japan,1,-106.31029669564205,42.36045025441214
volkswagen rabbit custom diesel,43.1,4,90.0,48.0,1985,21.5,78,Europe,1,-118.01447701780694,-20.872124679250646
ford fiesta,36.1,4,98.0,66.0,1800,14.4,78,US,1,-104.19339534109287,-5.646764710542182
mazda glc deluxe,32.8,4,78.0,52.0,1985,19.4,78,Japan,1,-127.46213693282405,-12.615668332762667
datsun b210 gx,39.4,4,85.0,70.0,2070,18.6,78,Japan,1,-115.45515696647192,1.8574823625188714
honda civic cvcc,36.1,4,91.0,60.0,1800,16.4,78,Japan,1,-112.75889522222329,-9.192983385897678
oldsmobile cutlass salon brougham,19.9,8,260.0,110.0,3365,15.5,78,US,2,64.02619624234814,-15.791681965453838
dodge diplomat,19.4,8,318.0,140.0,3735,13.2,78,US,0,128.52138560342482,-6.022641495083826
mercury monarch ghia,20.2,8,302.0,139.0,3570,12.8,78,US,0,113.0325728924269,-1.8125467668064044
pontiac phoenix lj,19.2,6,231.0,105.0,3535,19.2,78,US,2,34.96506886516477,-11.380909288658765
chevrolet malibu,20.5,6,200.0,95.0,3155,18.2,78,US,2,2.3951825820023576,-10.795857849047596
ford fairmont (auto),20.2,6,200.0,85.0,2965,15.8,78,US,2,-0.7510272079436204,-20.031400099676997
ford fairmont (man),25.1,4,140.0,88.0,2720,15.4,78,US,1,-56.82962386925621,1.9675223814621403
plymouth volare,20.5,6,225.0,100.0,3430,17.2,78,US,2,27.646814858215407,-14.069989150607563
amc concord,19.4,6,232.0,90.0,3210,17.2,78,US,2,31.131456454588992,-25.703896748809935
buick century special,20.6,6,231.0,105.0,3380,15.8,78,US,2,34.932826160934326,-11.19271237781901
mercury zephyr,20.8,6,200.0,85.0,3070,16.7,78,US,2,-0.7981291382941245,-20.124725374493522
dodge aspen,18.6,6,225.0,110.0,3620,18.7,78,US,2,30.931842940693286,-4.669398612012346
amc concord d/l,18.1,6,258.0,120.0,3410,15.1,78,US,2,65.41193368833864,-5.595665522753813
chevrolet monte carlo landau,19.2,8,305.0,145.0,3425,13.2,78,US,0,117.83928843413,2.891115815569483
buick regal sport coupe (turbo),17.7,6,231.0,165.0,3445,13.4,78,US,2,54.31672321245775,45.67123818161355
ford futura,18.1,8,302.0,139.0,3205,11.2,78,US,0,113.17554314140328,-1.600314054473658
dodge magnum xe,17.5,8,318.0,140.0,4080,13.7,78,US,0,128.62323861988608,-5.97437549746101
chevrolet chevette,30.0,4,98.0,68.0,2155,16.5,78,US,1,-103.23392031886378,-3.643095120585498
toyota corona,27.5,4,134.0,95.0,2560,14.2,78,Japan,1,-60.38547466508201,10.481446461533656
datsun 510,27.2,4,119.0,97.0,2300,14.7,78,Japan,1,-73.9191974835375,17.179821674511693
dodge omni,30.9,4,105.0,75.0,2230,14.5,78,US,1,-94.40028135213286,0.8053928300691552
toyota celica gt liftback,21.1,4,134.0,95.0,2515,14.8,78,Japan,1,-60.027081412711404,10.724052417540468
plymouth sapporo,23.2,4,156.0,105.0,2745,16.7,78,US,1,-36.174791824551164,12.822123602969453
oldsmobile starfire sx,23.8,4,151.0,85.0,2855,17.6,78,US,1,-47.344257391915036,-4.511269313055335
datsun 200-sx,23.9,4,119.0,97.0,2405,14.9,78,Japan,1,-73.73285655199005,17.312988356935325
audi 5000,20.3,5,131.0,103.0,2830,15.9,78,Europe,1,-60.26094406453474,19.17955727548281
volvo 264gl,17.0,6,163.0,125.0,3140,13.6,78,Europe,2,-22.73286728394227,29.90926013262428
saab 99gle,21.6,4,121.0,115.0,2795,15.7,78,Europe,1,-65.96606969508066,33.67920381798993
peugeot 604sl,16.2,6,163.0,133.0,3410,15.8,78,Europe,2,-20.160237508199913,37.323647046599326
volkswagen scirocco,31.5,4,89.0,71.0,1990,14.9,78,Europe,1,-110.84811439764725,2.1375643956161854
honda accord lx,29.5,4,98.0,68.0,2135,16.6,78,Japan,1,-103.20667098840792,-3.6280626950747368
pontiac lemans v6,21.5,6,231.0,115.0,3245,15.4,79,US,2,38.084179231385555,-1.777397806365576
mercury zephyr 6,19.8,6,200.0,85.0,2990,18.2,79,US,2,-0.7619869028182233,-20.190613732751114
ford fairmont 4,22.3,4,140.0,88.0,2890,17.3,79,US,1,-56.695948857229574,1.9527983486039224
amc concord dl 6,20.2,6,232.0,90.0,3265,18.2,79,US,2,31.071477946239977,-25.813568416368526
dodge aspen 6,20.6,6,225.0,110.0,3360,16.6,79,US,2,30.846850175209003,-4.604051040382695
chevrolet caprice classic,17.0,8,305.0,130.0,3840,15.4,79,US,0,113.13839062224869,-11.31184944844941
ford ltd landau,17.6,8,302.0,129.0,3725,13.4,79,US,0,109.97584439134175,-11.166417668985504
mercury grand marquis,16.5,8,351.0,138.0,3955,13.2,79,US,0,159.25146324428238,-18.41840210799113
dodge st. regis,18.2,8,318.0,135.0,3830,15.2,79,US,0,126.9632845239068,-10.829536908167901
buick estate wagon (sw),16.9,8,350.0,155.0,4360,14.9,79,US,0,163.69437719587265,-2.2149407890844994
ford country squire (sw),15.5,8,351.0,142.0,4054,14.3,79,US,0,160.57217176797158,-14.684312521072618
chevrolet malibu classic (sw),19.2,8,267.0,125.0,3605,15.0,79,US,2,75.48820739499291,-3.8412784815607335
chrysler lebaron town @ country (sw),18.5,8,360.0,150.0,3940,13.0,79,US,0,171.48638745977144,-10.08389537275131
vw rabbit custom,31.9,4,89.0,71.0,1925,14.0,79,Europe,1,-110.85833519366011,2.1860627872144063
maxda glc deluxe,34.1,4,86.0,65.0,1975,15.2,79,Japan,1,-115.75643053061255,-2.689488312597752
dodge colt hatchback custom,35.7,4,98.0,80.0,1915,14.4,79,US,1,-99.69425269996258,7.567754625484015
amc spirit dl,27.4,4,121.0,80.0,2670,15.0,79,US,1,-77.47919115536969,0.47940355116530836
mercedes benz 300d,25.4,5,183.0,77.0,3530,20.1,79,Europe,2,-19.756725721167847,-22.633911062275498
cadillac eldorado,23.0,8,350.0,125.0,3900,17.4,79,US,0,153.71752156708544,-30.951314285045033
peugeot 504,27.2,4,141.0,71.0,3190,24.8,79,Europe,1,-61.57258026932218,-15.167298932411981
oldsmobile cutlass salon brougham,23.9,8,260.0,90.0,3420,22.2,79,US,2,57.307708357714034,-35.317786980832125
plymouth horizon,34.2,4,105.0,70.0,2200,13.2,79,US,1,-96.16973762033368,-3.9596500262503134
plymouth horizon tc3,34.5,4,105.0,70.0,2150,14.9,79,US,1,-96.21093899458184,-4.098575364888499
datsun 210,31.8,4,85.0,65.0,2020,19.2,79,Japan,1,-116.62662413910274,-2.5591867725905106
fiat strada custom,37.3,4,91.0,69.0,2130,14.7,79,Europe,1,-109.92611208357275,-0.637777140326251
buick skylark limited,28.4,4,151.0,90.0,2670,16.0,79,US,1,-45.986701712935755,0.11369063269291137
chevrolet citation,28.8,6,173.0,115.0,2595,11.3,79,US,2,-17.118548394683984,16.899528053546124
oldsmobile omega brougham,26.8,6,173.0,115.0,2700,12.9,79,US,2,-17.026495465570548,16.871085562408435
pontiac phoenix,33.5,4,151.0,90.0,2556,13.2,79,US,1,-46.23951070106569,0.09174197903456323
vw rabbit,41.5,4,98.0,76.0,2144,14.7,80,Europe,1,-101.30987876835762,3.515161773740107
toyota corolla tercel,38.1,4,89.0,60.0,1968,18.8,80,Japan,1,-114.79853860055536,-8.814900833613983
chevrolet chevette,32.1,4,98.0,70.0,2120,15.5,80,US,1,-102.70071863831355,-1.7781944739687416
datsun 310,37.2,4,86.0,65.0,2019,16.4,80,Japan,1,-115.95107537504899,-2.9170238437552363
chevrolet citation,28.0,4,151.0,90.0,2678,16.5,80,US,1,-45.97083278601958,0.09471630548826733
ford fairmont,26.4,4,140.0,88.0,2870,18.1,80,US,1,-56.94226829712605,1.709959998621704
amc concord,24.3,4,151.0,90.0,3003,20.1,80,US,1,-45.80957187660504,-0.005140806146164209
dodge aspen,19.1,6,225.0,90.0,3381,18.7,80,US,2,24.508590790961698,-23.54408145753418
audi 4000,34.3,4,97.0,78.0,2188,15.8,80,Europe,1,-101.21878298996319,5.96439144876175
toyota corona liftback,29.8,4,134.0,90.0,2711,15.5,80,Japan,1,-62.13432105779104,5.569324069874257
mazda 626,31.3,4,120.0,75.0,2542,17.5,80,Japan,1,-80.28225287306284,-4.270573694283227
datsun 510 hatchback,37.0,4,119.0,92.0,2434,15.0,80,Japan,1,-76.0838439967135,12.00530781969891
toyota corolla,32.2,4,108.0,75.0,2265,15.2,80,Japan,1,-91.64802141520802,-0.27187028842605254
mazda glc,46.6,4,86.0,65.0,2110,17.9,80,Japan,1,-116.51108949375211,-3.449111787483251
dodge colt,27.9,4,156.0,105.0,2800,14.4,80,US,1,-36.4117318857649,12.781200622106457
datsun 210,40.8,4,85.0,65.0,2110,19.2,80,Japan,1,-117.14252867637306,-2.962628721555295
vw rabbit c (diesel),44.3,4,90.0,48.0,2085,21.7,80,Europe,1,-118.08608835489466,-20.940678971309403
vw dasher (diesel),43.4,4,90.0,48.0,2335,23.7,80,Europe,1,-118.06273855568429,-21.047955098380797
audi 5000s (diesel),36.4,5,121.0,67.0,2950,19.9,80,Europe,1,-82.20613038473502,-12.547077589901699
mercedes-benz 240d,30.0,4,146.0,67.0,3250,21.8,80,Europe,1,-58.24186822821122,-20.454039365958387
honda civic 1500 gl,44.6,4,91.0,67.0,1850,13.8,80,Japan,1,-110.97131877014789,-2.7838111833256267
subaru dl,33.8,4,97.0,67.0,2145,18.0,80,Japan,1,-104.73821127935226,-4.544325635945731
vokswagen rabbit,29.8,4,89.0,62.0,1845,15.3,80,Europe,1,-113.63387974768028,-6.299275199066967
datsun 280-zx,32.7,6,168.0,132.0,2910,11.4,80,Japan,2,-16.63588974212302,34.353952948926505
mazda rx-7 gs,23.7,3,70.0,100.0,2420,12.5,80,Japan,1,-119.075127460585,36.13391009576829
triumph tr7 coupe,35.0,4,122.0,88.0,2500,15.1,80,Europe,1,-74.4128650237445,7.349805631631954
honda accord,32.4,4,107.0,72.0,2290,17.0,80,Japan,1,-93.58964573762083,-2.919094012886821
plymouth reliant,27.2,4,135.0,84.0,2490,15.7,81,US,1,-62.96092870057022,-0.3070092396696113
buick skylark,26.6,4,151.0,84.0,2635,16.4,81,US,1,-47.80754617234999,-5.490825863081508
dodge aries wagon (sw),25.8,4,156.0,92.0,2620,14.4,81,US,1,-40.44783817165924,0.6213619643216692
chevrolet citation,23.5,6,173.0,110.0,2725,12.6,81,US,2,-18.431742067031404,12.328089974345868
plymouth reliant,30.0,4,135.0,84.0,2385,12.9,81,US,1,-63.08189541806438,-0.2258560619258497
toyota starlet,39.1,4,79.0,58.0,1755,16.9,81,Japan,1,-124.92403748470984,-7.380311825945247
plymouth champ,39.0,4,86.0,64.0,1875,16.4,81,US,1,-116.37398582183056,-3.9403257037438246
honda civic 1300,35.1,4,81.0,60.0,1760,16.1,81,Japan,1,-122.15288209860934,-5.901609928975359
subaru,32.3,4,97.0,67.0,2065,17.8,81,Japan,1,-104.6494031243555,-4.462323278921479
datsun 210 mpg,37.0,4,85.0,65.0,1975,19.4,81,Japan,1,-116.92752638164393,-2.8070485975225044
toyota tercel,37.7,4,89.0,62.0,2050,17.3,81,Japan,1,-114.11496994046759,-6.801027898459484
mazda glc 4,34.1,4,91.0,68.0,1985,16.0,81,Japan,1,-110.08076532397327,-1.532897793502417
plymouth horizon 4,34.7,4,105.0,63.0,2215,14.9,81,US,1,-98.46051031514695,-10.705835032901598
ford escort 4w,34.4,4,98.0,65.0,2045,16.2,81,US,1,-104.44109283466759,-6.646030769037777
ford escort 2h,29.9,4,98.0,65.0,2380,20.7,81,US,1,-104.24668203869486,-6.776455518983107
volkswagen jetta,33.0,4,105.0,74.0,2190,14.2,81,Europe,1,-94.83615251864596,-0.20921404658974704
honda prelude,33.7,4,107.0,75.0,2210,14.4,81,Japan,1,-92.66826381303912,0.04237786807451789
toyota corolla,32.4,4,108.0,75.0,2350,16.8,81,Japan,1,-91.68207848409399,-0.3989319226440144
datsun 200sx,32.9,4,119.0,100.0,2615,14.8,81,Japan,1,-73.28816043855207,19.74476783465584
mazda 626,31.6,4,120.0,74.0,2635,18.3,81,Japan,1,-80.63047549210602,-5.285683358231501
peugeot 505s turbo diesel,28.1,4,141.0,80.0,3230,20.4,81,Europe,1,-58.68447542916518,-6.399357187218432
volvo diesel,30.7,6,145.0,76.0,3160,19.6,81,Europe,1,-56.289640287386035,-11.531862827220346
toyota cressida,25.4,6,168.0,116.0,2900,12.6,81,Japan,2,-21.35005086162029,19.5108014801093
datsun 810 maxima,24.2,6,146.0,120.0,2930,13.8,81,Japan,1,-40.821490367423415,30.340163183472498
buick century,22.4,6,231.0,110.0,3415,15.8,81,US,2,36.42829295011772,-6.560333416633798
oldsmobile cutlass ls,26.6,8,350.0,105.0,3725,19.0,81,US,0,147.09397644201405,-50.08305672611792
ford granada gl,20.2,6,200.0,88.0,3060,17.1,81,US,2,0.18980498460305473,-17.29951289836921
chrysler lebaron salon,17.6,6,225.0,85.0,3465,16.6,81,US,2,23.025579871111756,-28.034907145618607
chevrolet cavalier,28.0,4,112.0,88.0,2605,19.6,82,US,1,-83.53069311279025,10.555851615141222
chevrolet cavalier wagon,27.0,4,112.0,88.0,2640,18.6,82,US,1,-83.45925005916857,10.674488659343472
chevrolet cavalier 2-door,34.0,4,112.0,88.0,2395,18.0,82,US,1,-83.85203694735716,10.404986573405669
pontiac j2000 se hatchback,31.0,4,112.0,85.0,2575,16.2,82,US,1,-84.61384079718458,7.844485102244787
dodge aries se,29.0,4,135.0,84.0,2525,16.0,82,US,1,-63.0683457062018,-0.40984067775774735
pontiac phoenix,27.0,4,151.0,90.0,2735,18.0,82,US,1,-45.934690550543664,0.0288279472306682
ford fairmont futura,24.0,4,140.0,92.0,2865,16.4,82,US,1,-55.50177104020485,5.713475672800877
volkswagen rabbit l,36.0,4,105.0,74.0,1980,15.3,82,Europe,1,-95.02365305772021,-0.42488587332700456
mazda glc custom l,37.0,4,91.0,68.0,2025,18.2,82,Japan,1,-110.2780659503953,-1.8252781090001737
mazda glc custom,31.0,4,91.0,68.0,1970,17.6,82,Japan,1,-109.9256573958601,-1.5120307130999602
plymouth horizon miser,38.0,4,105.0,63.0,2125,14.7,82,US,1,-98.64685124669444,-10.839001715325232
mercury lynx l,36.0,4,98.0,70.0,2125,17.3,82,US,1,-102.94969386019565,-2.0858776082912356
nissan stanza xe,36.0,4,120.0,88.0,2160,14.5,82,Japan,1,-76.35282469393829,7.994145550085772
honda accord,36.0,4,107.0,75.0,2205,14.5,82,Japan,1,-92.80151811640067,-0.06810497942598578
toyota corolla,34.0,4,108.0,70.0,2245,16.9,82,Japan,1,-93.37385457563867,-5.19110330286987
honda civic,38.0,4,91.0,67.0,1965,15.0,82,Japan,1,-110.60993316885958,-2.5765259472655155
honda civic (auto),32.0,4,91.0,67.0,1965,15.7,82,Japan,1,-110.27588103976021,-2.3592317606444198
datsun 310 gx,38.0,4,91.0,67.0,1995,16.2,82,Japan,1,-110.62687756156957,-2.6650981404462413
buick century limited,25.0,6,181.0,110.0,2945,16.4,82,US,2,-11.00694683941654,9.40084821745238
oldsmobile cutlass ciera (diesel),38.0,6,262.0,85.0,3015,17.0,82,US,2,56.83606721582513,-40.90919267167835
chrysler lebaron medallion,26.0,4,156.0,92.0,2585,14.5,82,US,1,-40.460714749657754,0.6050155715796159
ford granada l,22.0,6,232.0,112.0,2835,14.7,82,US,2,38.0517680493949,-4.898424898413759
toyota celica gt,32.0,4,144.0,96.0,2665,13.9,82,Japan,1,-50.8639155952853,8.02007848013325
dodge charger 2.2,36.0,4,135.0,84.0,2370,13.0,82,US,1,-63.42724380897044,-0.5021983773341021
chevrolet camaro,27.0,4,151.0,90.0,2950,17.3,82,US,1,-45.924806321462846,0.08049505991942477
ford mustang gl,27.0,4,140.0,86.0,2790,15.6,82,US,1,-57.580820193453285,-0.017637669240704174
vw pickup,44.0,4,97.0,52.0,2130,24.6,82,Europe,1,-110.21204033807592,-19.62790896020098
dodge rampage,32.0,4,135.0,84.0,2295,11.6,82,US,1,-63.17818444535532,-0.21955661908334684
ford ranger,28.0,4,120.0,79.0,2625,18.6,82,US,1,-78.82970207873787,-0.4333822759626053
chevy s-10,31.0,4,119.0,82.0,2720,19.4,82,US,1,-78.99933247174484,2.5233697087231017
